Last Seen,Year,Month,Month_Name,Quarter,Day,Day_Name
27-12-2024,2024,12,Dec,Q4,27,Fri
28-12-2024,2024,12,Dec,Q4,28,Sat
29-12-2024,2024,12,Dec,Q4,29,Sun
30-12-2024,2024,12,Dec,Q4,30,Mon
31-12-2024,2024,12,Dec,Q4,31,Tue
01-01-2025,2025,1,Jan,Q1,1,Wed
02-01-2025,2025,1,Jan,Q1,2,Thu
03-01-2025,2025,1,Jan,Q1,3,Fri
04-01-2025,2025,1,Jan,Q1,4,Sat
05-01-2025,2025,1,Jan,Q1,5,Sun
06-01-2025,2025,1,Jan,Q1,6,Mon
07-01-2025,2025,1,Jan,Q1,7,Tue
08-01-2025,2025,1,Jan,Q1,8,Wed
09-01-2025,2025,1,Jan,Q1,9,Thu
10-01-2025,2025,1,Jan,Q1,10,Fri
12-01-2025,2025,1,Jan,Q1,12,Sun
13-01-2025,2025,1,Jan,Q1,13,Mon
14-01-2025,2025,1,Jan,Q1,14,Tue
15-01-2025,2025,1,Jan,Q1,15,Wed
16-01-2025,2025,1,Jan,Q1,16,Thu
17-01-2025,2025,1,Jan,Q1,17,Fri
18-01-2025,2025,1,Jan,Q1,18,Sat
19-01-2025,2025,1,Jan,Q1,19,Sun
20-01-2025,2025,1,Jan,Q1,20,Mon
21-01-2025,2025,1,Jan,Q1,21,Tue
22-01-2025,2025,1,Jan,Q1,22,Wed
23-01-2025,2025,1,Jan,Q1,23,Thu
24-01-2025,2025,1,Jan,Q1,24,Fri
25-01-2025,2025,1,Jan,Q1,25,Sat
26-01-2025,2025,1,Jan,Q1,26,Sun
